,postids,labels
0,CVE-2009-2625/0bdf77af1d4fd26ec2e630fb6d12e2dfa77bc12b,1
1,CVE-2009-2625/95f0bb5ffc73a85bc7069f775b69e8da77303cc7,0
2,CVE-2009-2625/7517100aff7617b4ff865dd5d396bb07684dd3ea,0
3,CVE-2009-2625/c93a1771ecd4dbaa606a8eb188a11effa756aa4f,0
4,CVE-2010-3697/a84026e98f8cae54822f8795c81619acdba23360,0
5,CVE-2010-3697/288647f2f69b4055c0a00896e268179e3f39ac62,0
6,CVE-2010-3697/cd5ddca701b04a32130a5f3ed7718353b7967857,0
7,CVE-2010-3697/ff94dd35673bba1476594299d31ce8293b8bd223,1
8,CVE-2011-1575/6228dd6d9daa46f7c044bf881b520d96e17f1a39,0
9,CVE-2011-1575/65c4d4ad331e94661de763e9b5304d28698999c4,1
10,CVE-2011-1575/0001684ff77018a365eb963d36a6f0412a987456,0
11,CVE-2011-1575/a20eabf53810823254f216d3313251ac59d9a978,0
12,CVE-2013-0342/ecfe5982e32552607f9bb45d6cd1c17789eafe04,0
13,CVE-2013-0342/38f74b36814ca5b1a27d9898141126af4953bee5,1
14,CVE-2013-0342/f30807b55d0db28e77e7809c9072ebcd7cfd9f48,0
15,CVE-2013-0342/2b50b50b21c0ac1e9910b9c7e202508586af87dd,0
16,CVE-2013-7456/4f65a3e4eedaffa1efcf9ee1eb08f0b504fbc31a,1
17,CVE-2013-7456/241ada6fa2cd0be45e68e774c5039082288334f9,0
18,CVE-2013-7456/5ce14ef47a6138640a35e2e29db0398f65f50edf,0
19,CVE-2013-7456/e054be7d82df34aefa099ed92065e510ce7f3b6b,0
20,CVE-2014-1985/380b0515d11a3450c475ce7f2bbed2bd073d0df5,0
21,CVE-2014-1985/7567c3d8b21fe67e5f04e6839c1fce061600f2f3,1
22,CVE-2014-1985/8a2413f3b71852f6a6fe378b309ea8ba00edeca5,0
23,CVE-2014-1985/0125ba14f6b0c7ff907c8bcadb1cfdf61ed9b157,0
24,CVE-2014-4343/1cda48a7ed4069cfc052f974ec3d76a9137c8c5a,0
25,CVE-2014-4343/13fd26e1863c79f616653f6a10a58c01f65fceff,0
26,CVE-2014-4343/bff6bbf52401f9464df365d76f0987fbf8101c5e,0
27,CVE-2014-4343/f18ddf5d82de0ab7591a36e465bc24225776940f,1
28,CVE-2015-1555/901214ba9d7449aa73b037e47fd83f48b23fc2b9,0
29,CVE-2015-1555/351279d669cf16eb5c640f86e944fe8f84c8b181,0
30,CVE-2015-1555/1672aee3531205e5c1a0b96d8c680124ec93db09,1
31,CVE-2015-1555/f22a83c611732fbc0328f0f887bccc075be1fd56,0
32,CVE-2015-2317/4376d6ef7bc451278abc81476ea3d59f1fa63544,0
33,CVE-2015-2317/3b20558beb6abef0b53f3c8e4ca6b598219f1d0d,0
34,CVE-2015-2317/2342693b31f740a422abf7267c53b4e7bc487c1b,1
35,CVE-2015-2317/785e57e296ed8f920789eb120da80944ff4f17fd,0
36,CVE-2015-5267/4f43ea59c8ea327f8a86206b5393db12df1251b7,0
37,CVE-2015-5267/124e381eebc3415da539a172e48c1a068ca8a9ec,0
38,CVE-2015-5267/bb4bab30bd0a27a25c92a6c41f98e1f21e34d520,0
39,CVE-2015-5267/289bc7f9e3022918b4cfd2cc9851472f0cea2896,1
40,CVE-2015-7580/633e029afc19700a39a3aac3706fee9487d1ff8b,0
41,CVE-2015-7580/63903b0eaa6d2a4e1c91bc86008256c4c8335e78,1
42,CVE-2015-7580/297161e29a3e11186ce4c02bf7defc088bf544d4,0
43,CVE-2015-7580/7a09522351832235bd2a88387709b4c24d574ed4,0
44,CVE-2015-8629/1d4e83625f1c8cde7638702ab404f4594da3f062,0
45,CVE-2015-8629/df17a1224a3406f57477bcd372c61e04c0e5a5bb,1
46,CVE-2015-8629/e04f0283516e80d2f93366e0d479d13c9b5c8c2a,0
47,CVE-2015-8629/8a64a49c3c836a2f4f03a0cbbdb89cfde9b29d1d,0
48,CVE-2015-8784/c87dc82d7ff8214bd417176bd76f3fe94a237659,0
49,CVE-2015-8784/b18012dae552f85dcc5c57d3bf4e997a15b1cc1c,1
50,CVE-2015-8784/eb06a7e7b276aaa7f5ad173e6ceb504f2e57faf1,0
51,CVE-2015-8784/e3c0cc6186451fc137086405761935f033ef3b7e,0
52,CVE-2015-8854/3bd399d6470064b7dbf504a4aedd00266cd56d6f,0
53,CVE-2015-8854/c3e3a89ecfed9a00e975482d37c6b5ead2e8a874,0
54,CVE-2015-8854/443278fa90423b498596da66908977a43660c4b4,0
55,CVE-2015-8854/a37bd643f05bf95ff18cafa2b06e7d741d2e2157,1
56,CVE-2016-10506/6c4e5bacb9d9791fc6ff074bd7958b3820d70514,0
57,CVE-2016-10506/5c5319984b81e2aa32d1d83abdef0cdb8dbe7b18,0
58,CVE-2016-10506/d27ccf01c68a31ad62b33d2dc1ba2bb1eeaafe7b,1
59,CVE-2016-10506/71b4f5b124d14ed609763b11e19d2d480bc32f58,0
60,CVE-2016-6837/9a587dd26e3db0afe9540c1109c68b46d02aa113,0
61,CVE-2016-6837/7086c2d8b4b20ac14013b36761ac04f0abf21a4e,1
62,CVE-2016-6837/23694bc2384a91a9323132f339ed78030fa1bb41,0
63,CVE-2016-6837/df3d0bcfb01c508d9acc7e2e368523d072e06dec,0
64,CVE-2016-8649/82b1f317c8fbf9b81cb68a2c9be8ff36260f8ebc,0
65,CVE-2016-8649/1d8e5ca2dfe4443449b35ae082c1d83ab74c903f,0
66,CVE-2016-8649/4b73005c60449ae2c4327ffb5e7f39545cad425e,0
67,CVE-2016-8649/81f466d05f2a89cb4f122ef7f593ff3f279b165c,1
68,CVE-2016-9288/27f8840a3f7a332ef776c2287289544f36882c82,0
69,CVE-2016-9288/559792be727f4e731bfcb3935f5beec7749e9ce9,0
70,CVE-2016-9288/684d79424f768db8bb345d5c68aa2a886239492b,0
71,CVE-2016-9288/2ddffb2e7eafe4830e3483a4b437873022c461ba,1
72,CVE-2016-9586/a387d881ecf1cfe8def1460fdf2faa3fdef66302,0
73,CVE-2016-9586/3ea3518429c00c422d0b706be13b131b6a443a17,0
74,CVE-2016-9586/7ebd9bcfc6f42946ae04b87e513db1194ea8e7a6,0
75,CVE-2016-9586/3ab3c16db6a5674f53cf23d56512a405fde0b2c9,1
76,CVE-2016-9955/a2326d75dd14accaac162dd2cb30aaefcc1f9205,1
77,CVE-2016-9955/adce3d0b80ff80b64bd8b35534b1167a950a2bc9,0
78,CVE-2016-9955/7bba9e4391e5403d46aeb6ea93dff6721e47d5a5,0
79,CVE-2016-9955/b96dcc500caae73954d4f01189e0209afc6086be,0
80,CVE-2017-0902/8d91516fb7037ecfb27622f605dc40245e0f8d32,1
81,CVE-2017-0902/1bcbc7fe637b03145401ec9c094066285934a7f1,0
82,CVE-2017-0902/ad5c0a53a86ca5b218c7976765c0365b91d22cb2,0
83,CVE-2017-0902/ef0aa611effb5f54d40c7fba6e8235eb43c5a491,0
84,CVE-2017-1000228/093d8313bfd72e0856167c171ec655d8605623f4,0
85,CVE-2017-1000228/3d447c5a335844b25faec04b1132dbc721f9c8f6,1
86,CVE-2017-1000228/54bb18e18ecfa407dccf7cd75e84126a90b6609a,0
87,CVE-2017-1000228/6c2663e347ddd1f8d65a11533e11d1f7ebe8d6ef,0
88,CVE-2017-1000392/f67068170b55633571e5462e52b6124b23d7cb84,1
89,CVE-2017-1000392/566a8ddb885f0bef9bc848e60455c0aabbf0c1d3,0
90,CVE-2017-1000392/02faf36dc31218000e3c9262f5b466dea7f84b40,0
91,CVE-2017-1000392/2e2c70e3d2ce8a692a83ea161ab11b67af23fd08,0
92,CVE-2017-11574/62b6433a81ee7ed6e0ac2d6b09ac85b885046ac3,1
93,CVE-2017-11574/98932b7c1a7e3b3e24597be1dc4d985f72038d18,0
94,CVE-2017-11574/5a0c6522682b0788fc478dd159dd6168cb5fa38b,0
95,CVE-2017-11574/6e0a5b6c9f6bd06df20fb892b6a3879a330f2d04,0
96,CVE-2017-12662/7b604a554dfb6630fe32e739334fa57341dc6123,0
97,CVE-2017-12662/1dc0ac5016f1c4d50b100a086526d6a2453a5444,0
98,CVE-2017-12662/816ecab6c532ae086ff4186b3eaf4aa7092d536f,0
99,CVE-2017-12662/bd40cc5f53067322861b881485cbd70f509f3829,1
100,CVE-2017-12867/5dcada1952a21237dd91f807e93293ed6a12ee34,0
101,CVE-2017-12867/a4828d9db17bb765f5334f9902c1ef85c8a9e994,0
102,CVE-2017-12867/4b1f796d9f48668f5cfc87c680627190d9fe701f,0
103,CVE-2017-12867/608f24c2d5afd70c2af050785d2b12f878b33c68,1
104,CVE-2017-14166/7947883be19ad55a41de7d26671660817dca9ece,0
105,CVE-2017-14166/fa7438a0ff4033e4741c807394a9af6207940d71,1
106,CVE-2017-14166/ade4bdb7b29ae1425c1e09cc7fdf68209564897c,0
107,CVE-2017-14166/8f2449d79ac702062b5f868c3c584ed622926a3d,0
108,CVE-2017-14175/3a4de5630c83cd81417b05fa1f7d74eee013b0ec,0
109,CVE-2017-14175/852ecb0b7fabad6ef90b2cf1eb27f2791e386185,0
110,CVE-2017-14175/4949a7008cdf7d8ee6539db18c6146af1bd6e190,0
111,CVE-2017-14175/d9a8234d211da30baf9526fbebe9a8438ea7e11c,1
112,CVE-2017-15700/8b85291539efe041172c1188c4a681ace1e6043c,0
113,CVE-2017-15700/5447c7b30965ca0c7281cb961fd42d350353185e,0
114,CVE-2017-15700/015fe58b22e0625e9d88b687de50303db539482b,1
115,CVE-2017-15700/ddd5650493065eab56c961397607297f927f58c5,0
116,CVE-2017-16906/83ecd2badfac5bc433cf33e8186a80c3f9eb8a51,0
117,CVE-2017-16906/6ae7be8d5043acb568a686dc7f77de749f6848e7,0
118,CVE-2017-16906/09d90141292f9ec516a7a2007bf828ce2bbdf60d,1
119,CVE-2017-16906/b8a38e49de65f0f6e5d97554c1b00fa8aeda028c,0
120,CVE-2017-2920/a70934eea95c76a7737b83773bffe8738935082d,1
121,CVE-2017-2920/aefc80c72be676322c1b959957263a4efde6cfff,0
122,CVE-2017-2920/33d38986f8bfb2577795c721107e9e3e75e72405,0
123,CVE-2017-2920/f19cc96fb665ca79046340c1ee4ee3dd4a5d4975,0
124,CVE-2017-3523/e94bdbe2f2bdabdb73eb6f8e98914e015c4c8241,0
125,CVE-2017-3523/6189e718de5b6c6115aee45dd7a480081c129d68,1
126,CVE-2017-3523/b6394030cdcfcec75abffc85ef336a8aeec405c6,0
127,CVE-2017-3523/7500e73f0738edff50cdd31b096b1b422d7a297c,0
128,CVE-2017-5934/9ffc57bdf20fb15d16b9e7829ca19e14388e00c7,0
129,CVE-2017-5934/ef5c927dfa68b42939b85e3a4c7b97e4c5da51c6,0
130,CVE-2017-5934/70955a8eae091cc88fd9a6e510177e70289ec024,1
131,CVE-2017-5934/63723ff05d0eefdba826467ba797deccb6a949d4,0
132,CVE-2017-6439/fbd8494d5e4e46bf2e90cb6116903e404374fb56,0
133,CVE-2017-6439/b1be1e99dd1f489720e83d018bcbdb91fb1e87e5,0
134,CVE-2017-6439/32ee5213fe64f1e10ec76c1ee861ee6f233120dd,1
135,CVE-2017-6439/72f7cf803635a127c63bcd37ab35ced28636410a,0
136,CVE-2017-9206/a75fd4879c55c89651f7f247293a61eef3e51be1,0
137,CVE-2017-9206/e457436d59e515dba53bd0f6c6e5cecd3e9cb54e,0
138,CVE-2017-9206/fd956544a95ed819a752f0620ac03af88d2f90b6,0
139,CVE-2017-9206/b45cb1b665a14b0175b9cb1502ef7168e1fe0d5d,1
140,CVE-2017-9303/cef10551820530632a86fa6f1306fee95c5cac43,1
141,CVE-2017-9303/d9459b2f8bec4a807e7ba2b3301de4c5248aa933,0
142,CVE-2017-9303/9c0c7c76b3e9a1ec67cdc932a9eb2c1e378c0f5e,0
143,CVE-2017-9303/39f5dcaefbaff32807fd36bc19970dc97714179c,0
144,CVE-2018-1000162/af04ac92e2ff852309891ebc767fa5a6bf179f39,0
145,CVE-2018-1000162/1140613fc7aa1393a6274812deab253b90027ae7,1
146,CVE-2018-1000162/b1e5aebaf6c8162cda482e96a1370155fd2162b5,0
147,CVE-2018-1000162/054ba3c48729036fd8ab1166fb0b1d0b4dd1e465,0
148,CVE-2018-1000864/4ed66e5838476e575a83c3cd13fffb37eefa2f48,0
149,CVE-2018-1000864/c19cc705688cfffa4fe735e0edbe84862b6c135f,0
150,CVE-2018-1000864/1398df93a48bf275d396c4a4a5e3525e763d214a,0
151,CVE-2018-1000864/73afa0ca786a87f05b5433e2e38f863826fcad17,1
152,CVE-2018-11562/b4aa6965c8e42b138ed01c8eb8c334b05fb95dbf,0
153,CVE-2018-11562/37b856d60a7bcc078d0140b5229f66e08c9198fa,0
154,CVE-2018-11562/10080096879d1076756f62760d6daf582b6db722,1
155,CVE-2018-11562/bf4967d25245ba30e0e891ed061d214588bf1bbb,0
156,CVE-2018-11696/4f9c7aedc735a01ceb7ae3fd857e948c8ace3e1d,0
157,CVE-2018-11696/c87a63e821dafe44514ab23bfcc4f6b11a82bc6c,0
158,CVE-2018-11696/38f4c3699d06b64128bebc7cf1e8b3125be74dc4,1
159,CVE-2018-11696/514c9c73b1f8de48aad7cc23f6e025de70271103,0
160,CVE-2018-11757/f0fb98425fa272eab9f57c317a7e73f199364f26,0
161,CVE-2018-11757/891896f25c39bc336ef6dda53f80f466ac4ca3c8,1
162,CVE-2018-11757/fd103d3954c1eff4a875a7efedc20623096d04ca,0
163,CVE-2018-11757/470cd3530bd7aeedf4cf6cb5d35e0192039e3963,0
164,CVE-2018-12018/4cf2b4110e9942bdcba1b9b1d82b3ca8ff552f64,0
165,CVE-2018-12018/a5237a27eaf81946a3edb4fafe13ed6359d119e4,1
166,CVE-2018-12018/546d42179e7c121b4c3aeeec5ab71a3c112e7a64,0
167,CVE-2018-12018/049f5b357200406c01f7bf2d2e2936d1d28a319b,0
168,CVE-2018-15862/38e1766bc6e20108948aec8a0b222a4bad0254e9,0
169,CVE-2018-15862/a8ea7a1d3daa7bdcb877615ae0a252c189153bd2,0
170,CVE-2018-15862/96df3106d49438e442510c59acad306e94f3db4d,0
171,CVE-2018-15862/4e2ee9c3f6050d773f8bbe05bc0edb17f1ff8371,1
172,CVE-2018-16389/e231a19ab9971fe22cec3781113359ff931596fd,0
173,CVE-2018-16389/56d5bcafd762aa968eda133dbfe835040a018ba5,0
174,CVE-2018-16389/86c866b6c4842771622c1420ca1f54d73df9116a,0
175,CVE-2018-16389/ec483e9379aa622bfcc1b853b189c74288771f27,1
176,CVE-2018-16733/11bbc660823246b9fc25e4b994121e30a9f17306,0
177,CVE-2018-16733/a1783d169732dd34aa8c7d68f411ce741c1a5015,0
178,CVE-2018-16733/f0998415ba9a73f0add32f9b5aed2aec98b9a7f3,0
179,CVE-2018-16733/106d196ec4a6451efedc60ab15957f231fa85639,1
180,CVE-2018-6526/de686a9e6d8c909485b87ca09c8f912bf83082f2,1
181,CVE-2018-6526/a1cd2f6599163c7f10e5eedfa7c729a3267de497,0
182,CVE-2018-6526/1c2b9340f29c8878a6a3a52d05ec5d96f7c83f02,0
183,CVE-2018-6526/b60c48bcfca66461127feca85f0195f36cc4a5a8,0
184,CVE-2019-1010298/cc459a428151660ca89986e243888062e44deef9,0
185,CVE-2019-1010298/70697bf3c5dc3d201341b01a1a8e5bc6d2fb48f8,1
186,CVE-2019-1010298/ee595e950f5be1ace3e831261c22a0e99f959046,0
187,CVE-2019-1010298/0b107f4c8908cd04318ed4bccac0b3ecbeae587e,0
188,CVE-2019-10300/4b3318dc412dc20985dab6ba2699a89f8d43eda3,0
189,CVE-2019-10300/f028c65539a8892f2d1f738cacc1ea5830adf5d3,1
190,CVE-2019-10300/aab01887174f7704673ce77f7005ed31f46ece8a,0
191,CVE-2019-10300/5d7ef34b8a01e257fa1cdd6f55ed496b73f53ac9,0
192,CVE-2019-10393/b28e4dc5584ef6515aeb9bc834691176546d0689,1
193,CVE-2019-10393/a0999639158257e7068db4e2d5eb91eddb7c2157,0
194,CVE-2019-10393/0cece5f6437f54d21f4d8f9488b832e16638e6b8,0
195,CVE-2019-10393/5a8a5261078c2611b637b4864b0b9b285a3b561d,0
196,CVE-2019-14540/73c1c2cc76e6cdd7f3a5615cbe3207fe96e4d3db,1
197,CVE-2019-14540/cb69a7040a660db95e5ccfcf0371d0da2fb4770f,0
198,CVE-2019-14540/0db801d131c38d8b94605217ab7cb48cb8427621,0
199,CVE-2019-14540/b3e41945a8494d026256deb3f2eb545ffa4abf7a,0
200,CVE-2019-15658/876348ddb672295cf139e547671049041ecea02a,0
201,CVE-2019-15658/d0978cfb814444939a36d96f1803e46717d3f99a,0
202,CVE-2019-15658/df61c9507f804ba72803e4f567c3cbcfa0a9d7e1,1
203,CVE-2019-15658/ad9bf56cfd30567cef9856de81013235a6053576,0
204,CVE-2019-15693/6509b60b9d1df683615a973986ff896b5f0aef2d,0
205,CVE-2019-15693/d61a767d6842b530ffb532ddd5a3d233119aad40,0
206,CVE-2019-15693/b4ada8d0c6dac98c8b91fc64d112569a8ae5fb95,1
207,CVE-2019-15693/75e6e0653a48baf474fd45d78b1da53e2f324642,0
208,CVE-2019-18625/fa692df37a796c3330c81988d15ef1a219afc006,0
209,CVE-2019-18625/fcfb679893e4641c9510e571a4480aa07d251f2c,0
210,CVE-2019-18625/9f0294fadca3dcc18c919424242a41e01f3e8318,1
211,CVE-2019-18625/8609939e60cdd52dc1745e2eeb5dc3db275acd13,0
212,CVE-2019-20788/200090a22b5baf81c99e6fb36d438073dcf2daa7,0
213,CVE-2019-20788/54220248886b5001fbbb9fa73c4e1a2cb9413fed,1
214,CVE-2019-20788/c7350b534ee104153e402ac1fc39a233fff59db2,0
215,CVE-2019-20788/23e5cbe6b090d7f22982aee909a6a618174d3c2d,0
216,CVE-2019-20792/f11c286bc6a987a3f1f838c061d65636b90e3aa8,0
217,CVE-2019-20792/ef3e2239173cd8ab9714171f122aed24eb93b577,0
218,CVE-2019-20792/aa6d3e1d36969aa0f955b11faf9142666145a72b,0
219,CVE-2019-20792/c246f6f69a749d4f68626b40795a4f69168008f4,1
220,CVE-2020-10237/1fe9f1e9d6151f464ca3746e279159a2c0961ef0,0
221,CVE-2020-10237/98c636c282b35ed1797f976a85fa8090319f8d14,0
222,CVE-2020-10237/a46e7a3bc4cf89e7fdbbcaf03c8c1f8a75c7a573,1
223,CVE-2020-10237/048e6c13aeab4d31c3eaefd8d0dd6f2a2ba14269,0
224,CVE-2020-11052/f67b9895a5816c188e40c16d2ab72e1bc8d94134,0
225,CVE-2020-11052/0f116d223826895a73b12492f17486e5d54ab7a7,1
226,CVE-2020-11052/e6b78f1a3a6feccbbd20063cb1a97d2a211810c2,0
227,CVE-2020-11052/26dd64bad3a56f35425b60e2431c40e9c5bb618a,0
228,CVE-2020-12268/5991310f87724aaa1d47850baf75c2512c269cef,0
229,CVE-2020-12268/0726320a4b55078e9d8deb590e477d598b3da66e,1
230,CVE-2020-12268/190fc319c5a87c1a971ba0efa8238d9e1c88ea1f,0
231,CVE-2020-12268/7a48d608f4d2c3b270037ce1e77b381e078edee7,0
232,CVE-2020-14354/1c73eccfdcb63ef2f246dfdb13af765f6c32bfba,0
233,CVE-2020-14354/649fe82c08d634ddab6de03d8451c90495cd5dc7,0
234,CVE-2020-14354/b987fb43d142b5b45f8547d55ee6f67847a3372b,0
235,CVE-2020-14354/1cc7e83c3bdfaafbc5919c95025592d8de3a170e,1
236,CVE-2020-14405/e843f83ec8f759374151eb1a2c88ed735768f455,0
237,CVE-2020-14405/1bdbabe1906d3da49bbcdfc83e0a09fe8fb135cf,0
238,CVE-2020-14405/8937203441ee241c4ace85da687b7d6633a12365,1
239,CVE-2020-14405/d2980ff40355b82c30060fcfc6a44ec44645999d,0
240,CVE-2020-28896/9c36717a3e2af1f2c1b7242035455ec8112b4b06,1
241,CVE-2020-28896/224591628dfe2ffe89b3e714752d75a761363763,0
242,CVE-2020-28896/a59b0b525ba78ea05a46be858d06e1e8203d29e8,0
243,CVE-2020-28896/8a2fc8ca2b7653b213ab9b78a55a7a45bdc2a087,0
244,CVE-2020-35491/41b8bdb5ccc1d8edb71acf1c8234da235a24249d,1
245,CVE-2020-35491/3e8fa3beea49ea62109df9e643c9cb678dabdde1,0
246,CVE-2020-35491/33d96c13fe18a2dad01b19ce195548c9acea9da4,0
247,CVE-2020-35491/7ae9214c0670eeb679dd131ab0aee3565cc7af87,0
248,CVE-2020-4047/25c230d78ce49989994f9c489f4deebf334ca15d,0
249,CVE-2020-4047/0977c0d6b241479ecedfe19e96be69f727c3f81f,1
250,CVE-2020-4047/9a3ba04a57ee0e426d23d277dd2e57b95097e0f6,0
251,CVE-2020-4047/4a301fe53a2e1abfba34e01e53890096f644b154,0
252,CVE-2020-5297/655c8011b964367949cc76a4caf93e17502eda9e,0
253,CVE-2020-5297/dc72cafcd11485941a1e3f9586863937cd403db2,0
254,CVE-2020-5297/2bc4084dff12eae036c848d4151ea35a29147bd0,0
255,CVE-2020-5297/6711dae8ef70caf0e94cec434498012a2ccd86b8,1
256,CVE-2020-5298/2bc4084dff12eae036c848d4151ea35a29147bd0,0
257,CVE-2020-5298/655c8011b964367949cc76a4caf93e17502eda9e,0
258,CVE-2020-5298/802d8c8e09a2b342649393edb6d3ceb958851484,0
259,CVE-2020-5298/cd0b6a791f995d86071a024464c1702efc50f46c,1
260,CVE-2020-8130/aec6e976a11728ec2fc78946f308b28d9b2522a3,0
261,CVE-2020-8130/d28957d64ae88823200049f8ae3667eb631bdfcc,0
262,CVE-2020-8130/5b8f8fc41a5d7d7d6a5d767e48464c60884d3aee,1
263,CVE-2020-8130/7b75d7a084c6408759d745db270550b8d14d02cf,0
264,CVE-2020-8937/83036fd841d33baa7e039f842d131aa7881fdcc2,0
265,CVE-2020-8937/b1d120a2c7d7446d2cc58d517e20a1b184b82200,0
266,CVE-2020-8937/116b5aba9142558025b48b2c0e648bb765a557f8,0
267,CVE-2020-8937/a37fb6a0e7daf30134dbbf357c9a518a1026aa02,1
268,CVE-2021-21360/4064c63ef180bbd1daa722dbc29ae587e60941a5,0
269,CVE-2021-21360/90367e1b5f76893481cc0cd8b413483c29dbb21b,0
270,CVE-2021-21360/700319512b3615b3871a1f24e096cf66dc488c57,1
271,CVE-2021-21360/835c1ac23e18b7b6f8b7facd5caebe0e997d3500,0
272,CVE-2021-23326/7eadc28df1a7b3a7f3e6ff5287a5eea08b8127a9,0
273,CVE-2021-23326/6a966beee8ca8b2f4adfe93318b96e4a5c501eac,1
274,CVE-2021-23326/f9e72f2bf80c58c53e3d787d432ad67e450af806,0
275,CVE-2021-23326/8a6671ae286c8781a6421b0ac6c9a900b9310d06,0
276,CVE-2021-23792/105a1ee466f07d6b3397eac61f17543bdb26fb93,0
277,CVE-2021-23792/da4efe98bf09e1cce91b7633cb251958a200fc80,1
278,CVE-2021-23792/7de8231471855ed78339f8461baa789ba374a93d,0
279,CVE-2021-23792/e28bf8fb442988a03abb0a12932f82e031ef6efa,0
280,CVE-2021-29621/9744ea17fef7cffa7af4fd3ddd4edf9d366d0b22,0
281,CVE-2021-29621/780bd0e8fbf2d36ada52edb769477e0a4edae580,1
282,CVE-2021-29621/175302c5cf1de567f392eba01ffe6032a15081b6,0
283,CVE-2021-29621/95947e84e04a999a474dfe8620fb0f36d71f0467,0
284,CVE-2021-32640/fc7e27d12ad0af90ce05302afc85c292024000b4,0
285,CVE-2021-32640/587c201bfc22c460658ca304d23477fc7ebd2a60,0
286,CVE-2021-32640/32e3a8439b7c8273b44fe1adb5682f529e34d0ba,0
287,CVE-2021-32640/00c425ec77993773d823f018f64a5c44e17023ff,1
288,CVE-2021-32691/841026c9bda7158cdf0542c04003f8d4d767758b,0
289,CVE-2021-32691/cb5f8f1c0b24f1b215b2bb5eb6f9a8e16d728ce2,1
290,CVE-2021-32691/2d6044ccc2540d6515918ccd706a4f4cb26f3a7b,0
291,CVE-2021-32691/1495867f88c35e8462842b7f09aad1fb29d896c4,0
292,CVE-2021-3521/abaf2c6b20b49512933ae1606e29c77ef522e2cf,0
293,CVE-2021-3521/a9cca032a2b7c0c6bcacc6ab4ecd25c95cc75305,0
294,CVE-2021-3521/bd36c5dc9fb6d90c46fbfed8c2d67516fc571ec8,1
295,CVE-2021-3521/31c41707d74e465b0a776df8938ee7f903dd08c9,0
296,CVE-2021-3749/f2057f77b231d88ea94ad88e84e4fd9f99506880,0
297,CVE-2021-3749/5b457116e31db0e88fede6c428e969e87f290929,1
298,CVE-2021-3749/a18a0eccb5bb33b53870f1c77949d80acf0f72ee,0
299,CVE-2021-3749/364867edd295b5ea0019b4e70fd37be5a5b751ee,0
300,CVE-2021-3879/a6b3aa5f0448fc250b88faa3a1da7b44c895d64d,0
301,CVE-2021-3879/f380da3f1914fd764c8c126454f14bfb25341ae0,0
302,CVE-2021-3879/2b64af0d34d9310701b25c9ea37df01d8612859c,0
303,CVE-2021-3879/bda23bb1e66fd7ce42c75c69cf5eea4e80865c1c,1
304,CVE-2021-39182/e379d96992d54e1b39ab37d019e74f3a0dbdce03,0
305,CVE-2021-39182/63ce54571e1655372eaea29f7e658b36fb5a791c,0
306,CVE-2021-39182/e652d56ac60eadfc26489ab83927af13a9b9d8ce,1
307,CVE-2021-39182/795f5e9e1c2d2fcf8313a9b972f4a0dd1b2d7ce8,0
308,CVE-2021-39196/498f0fdadcddd50f4053d112e0b602fc28ccd728,0
309,CVE-2021-39196/7a4c25b32421f7b73f392b1c4296b2186549c5e6,0
310,CVE-2021-39196/0f74f431e0970a2e5784dbd955cfa4760e3b1ef7,1
311,CVE-2021-39196/31313c881829828965f540711fb418d425e2c39e,0
312,CVE-2021-41560/b1af3bde1f68bec1c703ad66a3e390f15ed8ebe1,1
313,CVE-2021-41560/2d9f397ea0d7a16c41b3b72e46aab47e9b7d75f5,0
314,CVE-2021-41560/3e57e74772be13cad0d6999b79272b0c95e36249,0
315,CVE-2021-41560/9a647c429397e4d1a56aa643489d549ee6c934ad,0
316,CVE-2021-4170/60aa016734970ef31cce784306f5cbac53bbbe22,0
317,CVE-2021-4170/7ad419dc8c12180e842a82118f4866ac3d074bc5,1
318,CVE-2021-4170/021298374e3febc19f87f7b3d6823f32f68b66bd,0
319,CVE-2021-4170/b7927a0df1f6fc96d753bb36c9834f85ed7bf908,0
320,CVE-2021-43786/63109c070527946db0c5c06b67fddee21101abc7,0
321,CVE-2021-43786/1d62bd6d7b6de45a1a13ee9e4548b670729bccd4,0
322,CVE-2021-43786/9b68dc37cccaf7cdfcb3af2f164962cb7d1e6547,0
323,CVE-2021-43786/04dab1d550cdebf4c1567bca9a51f8b9ca48a500,1
324,CVE-2021-43804/99a1146a10d392bf8c8f9d8412efe61c300e5e97,0
325,CVE-2021-43804/ddefd578b12b5f4938c8153b5115d3c3ca6ae52e,0
326,CVE-2021-43804/f0ff5817d0647bdecd1ec99488db9378e304cf83,0
327,CVE-2021-43804/8b621f192cae14456ee0b0ade52ce6c6f258af1e,1
328,CVE-2021-43854/2a50a3edc9d35f57ae42a921c621edc160877f4d,0
329,CVE-2021-43854/b30b6ac184d2630ab3a60fa64769c9a1a5e37472,0
330,CVE-2021-43854/1405aad979c6b8080dbbc8e0858f89b2e3690341,1
331,CVE-2021-43854/9502cb3b5e43a787a16bc2f63ec34c69f9b151c6,0
332,CVE-2021-45926/14648829315ae1f6eacd28b97b8a051b0ffe0498,0
333,CVE-2021-45926/373b7ff4c4daf887269c078407cb1338942c4ea6,1
334,CVE-2021-45926/e52c47d561a2582aa9a6c6c9a59cf7503b7040fd,0
335,CVE-2021-45926/74fd4b1ff9937dd6550510da43e0ff510f4e710c,0
336,CVE-2021-45927/e52c47d561a2582aa9a6c6c9a59cf7503b7040fd,0
337,CVE-2021-45927/14648829315ae1f6eacd28b97b8a051b0ffe0498,0
338,CVE-2021-45927/373b7ff4c4daf887269c078407cb1338942c4ea6,1
339,CVE-2021-45927/74fd4b1ff9937dd6550510da43e0ff510f4e710c,0
340,CVE-2022-0723/d3cb6d7fd891c88fa240771e85156f119003fd9c,0
341,CVE-2022-0723/12df2028fed8722010e411785af178fed1d179fe,0
342,CVE-2022-0723/1c6c991aea1e5ed0f1ed06d0b955e7aea7ee43db,0
343,CVE-2022-0723/15e519a86e4b24526abaf9e6dc81cb1af86843a5,1
344,CVE-2022-0956/818d7fe731f452acccacf731ce47ec27ad68049c,0
345,CVE-2022-0956/237ac6d43bf3728bf3587c486a23b4a48ea7acb3,0
346,CVE-2022-0956/56e450c3adf75c707500d7231a78c9fc894c7f13,1
347,CVE-2022-0956/203c5ade1ed19048635704a585ef86f9d7df9250,0
348,CVE-2022-1507/0a081c08b1ab1cfd850db1ae7691bda578ed9dce,0
349,CVE-2022-1507/e4b777c7b7c144cd16a0ea96108267b1004fe6c9,1
350,CVE-2022-1507/30865fb03d8bed8f63c6ad15fefa101734d0ab1d,0
351,CVE-2022-1507/eccb695b32fcabbe4c6dbb9ca5841521c94b2d07,0
352,CVE-2022-1511/2e9cf8fa87a025c0eac9f79f4864b3fdd33a950c,1
353,CVE-2022-1511/b2087a9947c2d9b992f422ae10b7ec06f4dae1fe,0
354,CVE-2022-1511/6b1329133bced8d385019c450dfe52783afedf88,0
355,CVE-2022-1511/1cbbf8f9760bddf1f72039e298e68e6f7bc678c3,0
356,CVE-2022-23457/6a70ae7420d218b177fe68f3dda09c06905c7199,0
357,CVE-2022-23457/a0d67b75593878b1b6e39e2acc1773b3effedb2a,1
358,CVE-2022-23457/7e0a8cc7a59d8d89175c6d8231436baaf11bb9d1,0
359,CVE-2022-23457/c155f703e1ae0740faac9e6e43240847227df635,0
360,CVE-2022-23626/59858cabfe56fc9da0edb16a94ce219cacd94360,0
361,CVE-2022-23626/3dee0f40281a834faddb124b0537ec4c9a6c7602,0
362,CVE-2022-23626/6f5e59f1401c4a3cf2e518aa85b231ea14e8a2ef,1
363,CVE-2022-23626/7d834a6d03502ab3b64cd29a858fd0d3056a587a,0
364,CVE-2022-23634/d1cfc7aeca90e3c8600ea27224a2917b34f77f14,0
365,CVE-2022-23634/2c7bfd5fa0526dfbe594013bcad765bfd5edd0b1,0
366,CVE-2022-23634/b70f451fe8abc0cff192c065d549778452e155bb,1
367,CVE-2022-23634/2955a13062517ae5345f304e89da96421460f2d5,0
368,CVE-2022-24837/0195f16d9a556005acde92963a910f690bc5f711,0
369,CVE-2022-24837/f7530e86f946387b14d61f9f0fc0b87924688327,0
370,CVE-2022-24837/9e2f9e21e904c4a319e84265da7ef03b0a8e343a,1
371,CVE-2022-24837/bbb61036c8fa520bae0ffd36c7675d64c66e49f1,0
372,CVE-2022-24865/430576372d91f0c9e34b0b0714608a8a7ff70be8,0
373,CVE-2022-24865/eb83de20aaecc559ab77a44a6179646a99607e33,1
374,CVE-2022-24865/880dda775207cfe6b30abc0b3eb8669b57b10c51,0
375,CVE-2022-24865/a282c78b560bcd1add80995781c4c9f0223440cd,0
376,CVE-2022-25648/19dfe5eb097f06e3445491cf6794ca522272bb3c,0
377,CVE-2022-25648/546bc038ff6604f8304fdeca738c2a7c20cbacc8,0
378,CVE-2022-25648/291ca0946bec7164b90ad5c572ac147f512c7159,1
379,CVE-2022-25648/018d919a6fe57f863e652a556b2e0dcf9bc47e9b,0
380,CVE-2022-29172/79ae557d331274b114848150f19832ae341771b1,1
381,CVE-2022-29172/ce5ac3732aa9ae0cf8f13d89ab0b92b8037990ad,0
382,CVE-2022-29172/49e517d477246cee2c69cb05b03fdf602f062612,0
383,CVE-2022-29172/e7da750b44356a50269d4fe46fe85900cdea5e0d,0
384,CVE-2022-30595/0153b37b680c5f45645426561d7e153e1daef80a,0
385,CVE-2022-30595/0f44136e720cd3b2db72bdf29614897b7aa3e868,0
386,CVE-2022-30595/6fcd31b37bd5302edf3aaf6be963700bf13f9e56,0
387,CVE-2022-30595/c846cc881ebe34e3518412c2e3636433d9947280,1
388,CVE-2022-31052/fa1308061802ac7b7d20e954ba7372c5ac292333,1
389,CVE-2022-31052/ea10cdbea703f94a84a484377485de8dc14a963a,0
390,CVE-2022-31052/09d89ddc1f875bb1ea835a7614980787d4ebd043,0
391,CVE-2022-31052/d580014e2282c24a41d789ea31f34cf691654040,0
392,CVE-2022-31061/c21852c1c074085107fd5391dd0b16c8877edad6,0
393,CVE-2022-31061/e63144c7238179a1cfe680942bac0c35fcfe52af,0
394,CVE-2022-31061/33a09b400925fd41558643c257a7fa0ba9391213,0
395,CVE-2022-31061/21ae07d00d0b3230f6235386e98388cfc5bb0514,1
396,CVE-2022-31137/82666df1e60c45dd6aa533b01a392f015d32f755,1
397,CVE-2022-31137/43f116fdf3bb434c7b4ecb2fb2d0b19e2ebb1eba,0
398,CVE-2022-31137/620dd68d51de163f221aa31a4760a6f6c147cfeb,0
399,CVE-2022-31137/6d6b4e0babfddf0a0f28f3f7349923a781c844a2,0
